27,Optimal parameters not found: The maximum number of function evaluations is exceeded.
35,Optimal parameters not found: The maximum number of function evaluations is exceeded.
57,Optimal parameters not found: The maximum number of function evaluations is exceeded.
66,Optimal parameters not found: The maximum number of function evaluations is exceeded.
71,Optimal parameters not found: The maximum number of function evaluations is exceeded.
130,Optimal parameters not found: The maximum number of function evaluations is exceeded.
147,Optimal parameters not found: The maximum number of function evaluations is exceeded.
160,`ydata` must not be empty!
169,Optimal parameters not found: The maximum number of function evaluations is exceeded.
177,`ydata` must not be empty!
196,Optimal parameters not found: The maximum number of function evaluations is exceeded.
209,Optimal parameters not found: The maximum number of function evaluations is exceeded.
226,`ydata` must not be empty!
240,Optimal parameters not found: The maximum number of function evaluations is exceeded.
241,Optimal parameters not found: The maximum number of function evaluations is exceeded.
245,`ydata` must not be empty!
250,Optimal parameters not found: The maximum number of function evaluations is exceeded.
252,`ydata` must not be empty!
257,`ydata` must not be empty!
267,`ydata` must not be empty!
273,Optimal parameters not found: The maximum number of function evaluations is exceeded.
277,Optimal parameters not found: The maximum number of function evaluations is exceeded.
278,`ydata` must not be empty!
283,`ydata` must not be empty!
284,`ydata` must not be empty!
285,Optimal parameters not found: The maximum number of function evaluations is exceeded.
289,Optimal parameters not found: The maximum number of function evaluations is exceeded.
295,Optimal parameters not found: The maximum number of function evaluations is exceeded.
297,Optimal parameters not found: The maximum number of function evaluations is exceeded.
299,Optimal parameters not found: The maximum number of function evaluations is exceeded.
301,`ydata` must not be empty!
302,`ydata` must not be empty!
308,Optimal parameters not found: The maximum number of function evaluations is exceeded.
309,`ydata` must not be empty!
310,`ydata` must not be empty!
311,Optimal parameters not found: The maximum number of function evaluations is exceeded.
317,`ydata` must not be empty!
321,`ydata` must not be empty!
327,`ydata` must not be empty!
331,Optimal parameters not found: The maximum number of function evaluations is exceeded.
336,Optimal parameters not found: The maximum number of function evaluations is exceeded.
341,Optimal parameters not found: The maximum number of function evaluations is exceeded.
343,`ydata` must not be empty!
345,Optimal parameters not found: The maximum number of function evaluations is exceeded.
353,Optimal parameters not found: The maximum number of function evaluations is exceeded.
354,`ydata` must not be empty!
355,`ydata` must not be empty!
356,`ydata` must not be empty!
357,`ydata` must not be empty!
360,`ydata` must not be empty!
361,Optimal parameters not found: The maximum number of function evaluations is exceeded.
362,Optimal parameters not found: The maximum number of function evaluations is exceeded.
364,Optimal parameters not found: The maximum number of function evaluations is exceeded.
366,`ydata` must not be empty!
368,`ydata` must not be empty!
369,`ydata` must not be empty!
371,`ydata` must not be empty!
374,Optimal parameters not found: The maximum number of function evaluations is exceeded.
376,`ydata` must not be empty!
377,`ydata` must not be empty!
378,`ydata` must not be empty!
382,`ydata` must not be empty!
385,Optimal parameters not found: The maximum number of function evaluations is exceeded.
387,Optimal parameters not found: The maximum number of function evaluations is exceeded.
389,`ydata` must not be empty!
391,`ydata` must not be empty!
393,`ydata` must not be empty!
394,`ydata` must not be empty!
395,`ydata` must not be empty!
396,Optimal parameters not found: The maximum number of function evaluations is exceeded.
398,`ydata` must not be empty!
400,`ydata` must not be empty!
401,`ydata` must not be empty!
402,`ydata` must not be empty!
405,`ydata` must not be empty!
407,Optimal parameters not found: The maximum number of function evaluations is exceeded.
408,`ydata` must not be empty!
409,`ydata` must not be empty!
410,`ydata` must not be empty!
411,`ydata` must not be empty!
412,`ydata` must not be empty!
417,`ydata` must not be empty!
418,`ydata` must not be empty!
419,`ydata` must not be empty!
420,`ydata` must not be empty!
423,Optimal parameters not found: The maximum number of function evaluations is exceeded.
424,`ydata` must not be empty!
425,`ydata` must not be empty!
426,Optimal parameters not found: The maximum number of function evaluations is exceeded.
427,`ydata` must not be empty!
430,`ydata` must not be empty!
431,`ydata` must not be empty!
434,Optimal parameters not found: The maximum number of function evaluations is exceeded.
435,`ydata` must not be empty!
437,`ydata` must not be empty!
438,`ydata` must not be empty!
439,`ydata` must not be empty!
440,`ydata` must not be empty!
441,Optimal parameters not found: The maximum number of function evaluations is exceeded.
442,`ydata` must not be empty!
444,`ydata` must not be empty!
446,`ydata` must not be empty!
447,`ydata` must not be empty!
448,Optimal parameters not found: The maximum number of function evaluations is exceeded.
449,`ydata` must not be empty!
452,`ydata` must not be empty!
456,`ydata` must not be empty!
458,`ydata` must not be empty!
459,Optimal parameters not found: The maximum number of function evaluations is exceeded.
460,`ydata` must not be empty!
463,Optimal parameters not found: The maximum number of function evaluations is exceeded.
464,`ydata` must not be empty!
466,`ydata` must not be empty!
467,`ydata` must not be empty!
472,`ydata` must not be empty!
473,Optimal parameters not found: The maximum number of function evaluations is exceeded.
474,`ydata` must not be empty!
475,`ydata` must not be empty!
476,Optimal parameters not found: The maximum number of function evaluations is exceeded.
477,Optimal parameters not found: The maximum number of function evaluations is exceeded.
480,`ydata` must not be empty!
481,`ydata` must not be empty!
483,`ydata` must not be empty!
485,`ydata` must not be empty!
486,Optimal parameters not found: The maximum number of function evaluations is exceeded.
487,`ydata` must not be empty!
490,Optimal parameters not found: The maximum number of function evaluations is exceeded.
491,Optimal parameters not found: The maximum number of function evaluations is exceeded.
493,Optimal parameters not found: The maximum number of function evaluations is exceeded.
494,`ydata` must not be empty!
496,`ydata` must not be empty!
498,`ydata` must not be empty!
505,`ydata` must not be empty!
506,`ydata` must not be empty!
507,`ydata` must not be empty!
509,`ydata` must not be empty!
510,Optimal parameters not found: The maximum number of function evaluations is exceeded.
513,`ydata` must not be empty!
514,`ydata` must not be empty!
515,`ydata` must not be empty!
516,`ydata` must not be empty!
518,`ydata` must not be empty!
519,`ydata` must not be empty!
520,`ydata` must not be empty!
521,`ydata` must not be empty!
522,Optimal parameters not found: The maximum number of function evaluations is exceeded.
523,Optimal parameters not found: The maximum number of function evaluations is exceeded.
524,`ydata` must not be empty!
525,`ydata` must not be empty!
526,`ydata` must not be empty!
527,`ydata` must not be empty!
528,`ydata` must not be empty!
530,`ydata` must not be empty!
532,`ydata` must not be empty!
533,`ydata` must not be empty!
535,`ydata` must not be empty!
536,`ydata` must not be empty!
537,`ydata` must not be empty!
538,`ydata` must not be empty!
539,`ydata` must not be empty!
541,`ydata` must not be empty!
542,Optimal parameters not found: The maximum number of function evaluations is exceeded.
543,`ydata` must not be empty!
544,`ydata` must not be empty!
545,`ydata` must not be empty!
546,`ydata` must not be empty!
547,`ydata` must not be empty!
548,`ydata` must not be empty!
549,`ydata` must not be empty!
552,`ydata` must not be empty!
553,`ydata` must not be empty!
554,`ydata` must not be empty!
555,`ydata` must not be empty!
556,`ydata` must not be empty!
558,`ydata` must not be empty!
559,`ydata` must not be empty!
560,`ydata` must not be empty!
561,Optimal parameters not found: The maximum number of function evaluations is exceeded.
563,`ydata` must not be empty!
566,`ydata` must not be empty!
567,`ydata` must not be empty!
568,`ydata` must not be empty!
569,`ydata` must not be empty!
572,`ydata` must not be empty!
573,`ydata` must not be empty!
574,`ydata` must not be empty!
577,`ydata` must not be empty!
578,`ydata` must not be empty!
579,`ydata` must not be empty!
580,`ydata` must not be empty!
581,`ydata` must not be empty!
582,`ydata` must not be empty!
583,`ydata` must not be empty!
584,`ydata` must not be empty!
586,Optimal parameters not found: The maximum number of function evaluations is exceeded.
587,`ydata` must not be empty!
588,`ydata` must not be empty!
589,`ydata` must not be empty!
590,`ydata` must not be empty!
591,`ydata` must not be empty!
592,Optimal parameters not found: The maximum number of function evaluations is exceeded.
593,`ydata` must not be empty!
594,`ydata` must not be empty!
597,`ydata` must not be empty!
598,`ydata` must not be empty!
599,`ydata` must not be empty!
600,`ydata` must not be empty!
603,`ydata` must not be empty!
604,`ydata` must not be empty!
606,Optimal parameters not found: The maximum number of function evaluations is exceeded.
608,`ydata` must not be empty!
610,`ydata` must not be empty!
611,`ydata` must not be empty!
612,`ydata` must not be empty!
613,`ydata` must not be empty!
616,`ydata` must not be empty!
618,`ydata` must not be empty!
619,`ydata` must not be empty!
620,`ydata` must not be empty!
621,`ydata` must not be empty!
622,`ydata` must not be empty!
623,`ydata` must not be empty!
626,`ydata` must not be empty!
627,`ydata` must not be empty!
628,`ydata` must not be empty!
629,Optimal parameters not found: The maximum number of function evaluations is exceeded.
631,`ydata` must not be empty!
632,`ydata` must not be empty!
633,`ydata` must not be empty!
637,`ydata` must not be empty!
638,`ydata` must not be empty!
639,`ydata` must not be empty!
641,Optimal parameters not found: The maximum number of function evaluations is exceeded.
642,`ydata` must not be empty!
644,`ydata` must not be empty!
645,Optimal parameters not found: The maximum number of function evaluations is exceeded.
646,`ydata` must not be empty!
648,`ydata` must not be empty!
649,`ydata` must not be empty!
651,`ydata` must not be empty!
652,`ydata` must not be empty!
653,`ydata` must not be empty!
655,`ydata` must not be empty!
656,`ydata` must not be empty!
658,`ydata` must not be empty!
659,`ydata` must not be empty!
661,`ydata` must not be empty!
663,`ydata` must not be empty!
665,`ydata` must not be empty!
667,`ydata` must not be empty!
668,`ydata` must not be empty!
669,`ydata` must not be empty!
670,`ydata` must not be empty!
671,`ydata` must not be empty!
672,`ydata` must not be empty!
673,`ydata` must not be empty!
675,`ydata` must not be empty!
677,`ydata` must not be empty!
678,`ydata` must not be empty!
679,`ydata` must not be empty!
680,`ydata` must not be empty!
681,`ydata` must not be empty!
685,`ydata` must not be empty!
686,`ydata` must not be empty!
687,`ydata` must not be empty!
688,`ydata` must not be empty!
689,`ydata` must not be empty!
690,`ydata` must not be empty!
691,`ydata` must not be empty!
692,`ydata` must not be empty!
693,`ydata` must not be empty!
694,`ydata` must not be empty!
695,`ydata` must not be empty!
696,`ydata` must not be empty!
697,`ydata` must not be empty!
699,`ydata` must not be empty!
700,`ydata` must not be empty!
701,`ydata` must not be empty!
702,`ydata` must not be empty!
703,`ydata` must not be empty!
706,`ydata` must not be empty!
709,`ydata` must not be empty!
712,`ydata` must not be empty!
713,`ydata` must not be empty!
714,`ydata` must not be empty!
716,`ydata` must not be empty!
717,`ydata` must not be empty!
718,`ydata` must not be empty!
719,`ydata` must not be empty!
721,`ydata` must not be empty!
723,`ydata` must not be empty!
724,`ydata` must not be empty!
725,Optimal parameters not found: The maximum number of function evaluations is exceeded.
726,`ydata` must not be empty!
727,`ydata` must not be empty!
728,`ydata` must not be empty!
729,`ydata` must not be empty!
730,`ydata` must not be empty!
731,`ydata` must not be empty!
732,`ydata` must not be empty!
733,`ydata` must not be empty!
734,`ydata` must not be empty!
735,`ydata` must not be empty!
736,`ydata` must not be empty!
738,`ydata` must not be empty!
740,`ydata` must not be empty!
741,`ydata` must not be empty!
742,`ydata` must not be empty!
743,`ydata` must not be empty!
744,`ydata` must not be empty!
745,`ydata` must not be empty!
749,`ydata` must not be empty!
750,`ydata` must not be empty!
752,`ydata` must not be empty!
753,`ydata` must not be empty!
754,`ydata` must not be empty!
755,`ydata` must not be empty!
756,`ydata` must not be empty!
757,`ydata` must not be empty!
758,Optimal parameters not found: The maximum number of function evaluations is exceeded.
759,`ydata` must not be empty!
761,`ydata` must not be empty!
762,`ydata` must not be empty!
763,`ydata` must not be empty!
764,`ydata` must not be empty!
765,`ydata` must not be empty!
766,`ydata` must not be empty!
767,`ydata` must not be empty!
768,`ydata` must not be empty!
769,`ydata` must not be empty!
770,`ydata` must not be empty!
771,`ydata` must not be empty!
772,`ydata` must not be empty!
773,`ydata` must not be empty!
774,`ydata` must not be empty!
775,`ydata` must not be empty!
776,`ydata` must not be empty!
778,`ydata` must not be empty!
779,`ydata` must not be empty!
780,`ydata` must not be empty!
782,`ydata` must not be empty!
783,`ydata` must not be empty!
784,`ydata` must not be empty!
789,`ydata` must not be empty!
790,`ydata` must not be empty!
791,`ydata` must not be empty!
792,`ydata` must not be empty!
793,`ydata` must not be empty!
794,`ydata` must not be empty!
795,`ydata` must not be empty!
796,`ydata` must not be empty!
798,`ydata` must not be empty!
800,`ydata` must not be empty!
801,`ydata` must not be empty!
802,`ydata` must not be empty!
803,`ydata` must not be empty!
804,`ydata` must not be empty!
805,`ydata` must not be empty!
807,`ydata` must not be empty!
809,`ydata` must not be empty!
811,`ydata` must not be empty!
812,`ydata` must not be empty!
813,`ydata` must not be empty!
814,`ydata` must not be empty!
816,`ydata` must not be empty!
817,`ydata` must not be empty!
818,`ydata` must not be empty!
819,`ydata` must not be empty!
820,`ydata` must not be empty!
821,`ydata` must not be empty!
822,`ydata` must not be empty!
823,`ydata` must not be empty!
825,`ydata` must not be empty!
826,`ydata` must not be empty!
828,`ydata` must not be empty!
829,`ydata` must not be empty!
830,`ydata` must not be empty!
831,`ydata` must not be empty!
833,`ydata` must not be empty!
835,`ydata` must not be empty!
836,`ydata` must not be empty!
837,`ydata` must not be empty!
839,`ydata` must not be empty!
840,`ydata` must not be empty!
841,`ydata` must not be empty!
842,`ydata` must not be empty!
843,`ydata` must not be empty!
844,`ydata` must not be empty!
845,`ydata` must not be empty!
846,`ydata` must not be empty!
847,`ydata` must not be empty!
848,`ydata` must not be empty!
850,`ydata` must not be empty!
851,`ydata` must not be empty!
852,`ydata` must not be empty!
853,`ydata` must not be empty!
854,`ydata` must not be empty!
855,`ydata` must not be empty!
856,`ydata` must not be empty!
857,`ydata` must not be empty!
859,`ydata` must not be empty!
861,`ydata` must not be empty!
862,`ydata` must not be empty!
863,`ydata` must not be empty!
864,`ydata` must not be empty!
866,`ydata` must not be empty!
867,`ydata` must not be empty!
869,`ydata` must not be empty!
871,`ydata` must not be empty!
872,`ydata` must not be empty!
873,`ydata` must not be empty!
875,`ydata` must not be empty!
876,`ydata` must not be empty!
877,`ydata` must not be empty!
878,`ydata` must not be empty!
880,`ydata` must not be empty!
881,`ydata` must not be empty!
882,`ydata` must not be empty!
883,`ydata` must not be empty!
884,`ydata` must not be empty!
885,`ydata` must not be empty!
886,`ydata` must not be empty!
887,`ydata` must not be empty!
888,`ydata` must not be empty!
889,`ydata` must not be empty!
894,`ydata` must not be empty!
895,`ydata` must not be empty!
896,`ydata` must not be empty!
897,`ydata` must not be empty!
899,`ydata` must not be empty!
901,`ydata` must not be empty!
902,`ydata` must not be empty!
903,`ydata` must not be empty!
906,`ydata` must not be empty!
908,`ydata` must not be empty!
909,`ydata` must not be empty!
910,`ydata` must not be empty!
911,`ydata` must not be empty!
913,`ydata` must not be empty!
914,`ydata` must not be empty!
915,`ydata` must not be empty!
916,`ydata` must not be empty!
917,`ydata` must not be empty!
918,`ydata` must not be empty!
919,`ydata` must not be empty!
922,`ydata` must not be empty!
923,`ydata` must not be empty!
925,`ydata` must not be empty!
927,`ydata` must not be empty!
928,`ydata` must not be empty!
930,`ydata` must not be empty!
931,`ydata` must not be empty!
933,`ydata` must not be empty!
934,`ydata` must not be empty!
935,`ydata` must not be empty!
936,`ydata` must not be empty!
937,`ydata` must not be empty!
938,`ydata` must not be empty!
942,`ydata` must not be empty!
943,`ydata` must not be empty!
945,`ydata` must not be empty!
946,`ydata` must not be empty!
947,`ydata` must not be empty!
948,`ydata` must not be empty!
949,`ydata` must not be empty!
950,`ydata` must not be empty!
951,`ydata` must not be empty!
952,`ydata` must not be empty!
953,`ydata` must not be empty!
955,`ydata` must not be empty!
956,`ydata` must not be empty!
957,`ydata` must not be empty!
959,`ydata` must not be empty!
960,`ydata` must not be empty!
961,`ydata` must not be empty!
962,`ydata` must not be empty!
963,`ydata` must not be empty!
964,`ydata` must not be empty!
965,`ydata` must not be empty!
966,`ydata` must not be empty!
968,`ydata` must not be empty!
970,`ydata` must not be empty!
972,`ydata` must not be empty!
974,`ydata` must not be empty!
976,`ydata` must not be empty!
977,`ydata` must not be empty!
978,`ydata` must not be empty!
980,`ydata` must not be empty!
981,`ydata` must not be empty!
985,`ydata` must not be empty!
986,`ydata` must not be empty!
987,`ydata` must not be empty!
990,`ydata` must not be empty!
991,`ydata` must not be empty!
992,`ydata` must not be empty!
993,`ydata` must not be empty!
994,`ydata` must not be empty!
996,`ydata` must not be empty!
997,`ydata` must not be empty!
998,`ydata` must not be empty!
999,`ydata` must not be empty!
1000,`ydata` must not be empty!
1001,`ydata` must not be empty!
1002,`ydata` must not be empty!
1003,`ydata` must not be empty!
1005,`ydata` must not be empty!
1006,`ydata` must not be empty!
1007,`ydata` must not be empty!
1008,`ydata` must not be empty!
1010,`ydata` must not be empty!
1011,`ydata` must not be empty!
1012,`ydata` must not be empty!
1013,`ydata` must not be empty!
1014,`ydata` must not be empty!
1016,`ydata` must not be empty!
1019,`ydata` must not be empty!
1020,`ydata` must not be empty!
1021,`ydata` must not be empty!
1023,`ydata` must not be empty!
1024,`ydata` must not be empty!
1025,`ydata` must not be empty!
1026,`ydata` must not be empty!
1027,`ydata` must not be empty!
1028,`ydata` must not be empty!
1029,`ydata` must not be empty!
1030,`ydata` must not be empty!
1032,`ydata` must not be empty!
1033,`ydata` must not be empty!
1035,`ydata` must not be empty!
1036,`ydata` must not be empty!
1037,`ydata` must not be empty!
1038,`ydata` must not be empty!
1039,`ydata` must not be empty!
1040,`ydata` must not be empty!
1043,`ydata` must not be empty!
1044,`ydata` must not be empty!
1046,`ydata` must not be empty!
1047,`ydata` must not be empty!
1048,`ydata` must not be empty!
1050,`ydata` must not be empty!
1051,`ydata` must not be empty!
1052,`ydata` must not be empty!
1053,`ydata` must not be empty!
1054,`ydata` must not be empty!
1056,`ydata` must not be empty!
1057,`ydata` must not be empty!
1060,`ydata` must not be empty!
1061,`ydata` must not be empty!
1062,`ydata` must not be empty!
1063,`ydata` must not be empty!
1065,`ydata` must not be empty!
1067,`ydata` must not be empty!
1068,`ydata` must not be empty!
1069,`ydata` must not be empty!
1070,`ydata` must not be empty!
1071,`ydata` must not be empty!
1072,`ydata` must not be empty!
1075,`ydata` must not be empty!
1076,`ydata` must not be empty!
1077,`ydata` must not be empty!
1080,`ydata` must not be empty!
1081,`ydata` must not be empty!
1083,`ydata` must not be empty!
1084,`ydata` must not be empty!
1086,`ydata` must not be empty!
1087,`ydata` must not be empty!
1088,`ydata` must not be empty!
1089,`ydata` must not be empty!
1091,`ydata` must not be empty!
1092,`ydata` must not be empty!
1095,`ydata` must not be empty!
1096,`ydata` must not be empty!
1097,`ydata` must not be empty!
1098,`ydata` must not be empty!
1100,`ydata` must not be empty!
1101,`ydata` must not be empty!
1103,`ydata` must not be empty!
1104,`ydata` must not be empty!
1106,`ydata` must not be empty!
1108,`ydata` must not be empty!
1109,`ydata` must not be empty!
1110,`ydata` must not be empty!
1111,`ydata` must not be empty!
1112,`ydata` must not be empty!
1113,`ydata` must not be empty!
1115,`ydata` must not be empty!
1116,`ydata` must not be empty!
1119,`ydata` must not be empty!
1120,`ydata` must not be empty!
1121,`ydata` must not be empty!
1122,`ydata` must not be empty!
1123,`ydata` must not be empty!
1124,`ydata` must not be empty!
1127,`ydata` must not be empty!
1128,`ydata` must not be empty!
1129,`ydata` must not be empty!
1130,`ydata` must not be empty!
1131,`ydata` must not be empty!
1135,`ydata` must not be empty!
1136,`ydata` must not be empty!
1140,`ydata` must not be empty!
1141,`ydata` must not be empty!
1142,`ydata` must not be empty!
1143,`ydata` must not be empty!
1144,`ydata` must not be empty!
1145,`ydata` must not be empty!
1146,`ydata` must not be empty!
1147,`ydata` must not be empty!
1148,`ydata` must not be empty!
1150,`ydata` must not be empty!
1153,`ydata` must not be empty!
1154,`ydata` must not be empty!
1155,`ydata` must not be empty!
1158,`ydata` must not be empty!
1159,`ydata` must not be empty!
1163,`ydata` must not be empty!
1165,`ydata` must not be empty!
1167,`ydata` must not be empty!
1168,`ydata` must not be empty!
1169,`ydata` must not be empty!
1170,`ydata` must not be empty!
1172,`ydata` must not be empty!
1174,`ydata` must not be empty!
1178,`ydata` must not be empty!
1179,`ydata` must not be empty!
1181,`ydata` must not be empty!
1182,`ydata` must not be empty!
1184,`ydata` must not be empty!
1185,`ydata` must not be empty!
1187,`ydata` must not be empty!
1189,`ydata` must not be empty!
1190,`ydata` must not be empty!
1191,`ydata` must not be empty!
1192,`ydata` must not be empty!
1193,`ydata` must not be empty!
1194,`ydata` must not be empty!
1195,`ydata` must not be empty!
1197,`ydata` must not be empty!
1199,`ydata` must not be empty!
1202,`ydata` must not be empty!
1203,`ydata` must not be empty!
1208,`ydata` must not be empty!
1210,`ydata` must not be empty!
1215,`ydata` must not be empty!
1216,`ydata` must not be empty!
1217,`ydata` must not be empty!
1218,`ydata` must not be empty!
1220,`ydata` must not be empty!
1222,`ydata` must not be empty!
1224,`ydata` must not be empty!
1226,`ydata` must not be empty!
1229,`ydata` must not be empty!
1230,`ydata` must not be empty!
1232,`ydata` must not be empty!
1233,`ydata` must not be empty!
1235,`ydata` must not be empty!
1236,`ydata` must not be empty!
1238,`ydata` must not be empty!
1239,`ydata` must not be empty!
1249,`ydata` must not be empty!
1252,`ydata` must not be empty!
1254,`ydata` must not be empty!
1259,`ydata` must not be empty!
1260,`ydata` must not be empty!
1263,`ydata` must not be empty!
1266,`ydata` must not be empty!
1268,`ydata` must not be empty!
1276,`ydata` must not be empty!
1277,`ydata` must not be empty!
1279,`ydata` must not be empty!
1281,`ydata` must not be empty!
1283,`ydata` must not be empty!
1284,`ydata` must not be empty!
1285,`ydata` must not be empty!
1288,`ydata` must not be empty!
1292,`ydata` must not be empty!
1294,`ydata` must not be empty!
1295,`ydata` must not be empty!
1296,`ydata` must not be empty!
1299,`ydata` must not be empty!
1301,`ydata` must not be empty!
1304,`ydata` must not be empty!
1305,`ydata` must not be empty!
1308,`ydata` must not be empty!
1309,`ydata` must not be empty!
1310,`ydata` must not be empty!
1314,`ydata` must not be empty!
1316,`ydata` must not be empty!
1317,`ydata` must not be empty!
1320,`ydata` must not be empty!
1321,`ydata` must not be empty!
1322,`ydata` must not be empty!
1323,`ydata` must not be empty!
1327,`ydata` must not be empty!
1331,`ydata` must not be empty!
1332,`ydata` must not be empty!
1333,`ydata` must not be empty!
1334,`ydata` must not be empty!
1335,`ydata` must not be empty!
1341,`ydata` must not be empty!
1346,`ydata` must not be empty!
1347,`ydata` must not be empty!
1352,`ydata` must not be empty!
1353,`ydata` must not be empty!
1356,`ydata` must not be empty!
1357,`ydata` must not be empty!
1358,`ydata` must not be empty!
1360,`ydata` must not be empty!
1364,`ydata` must not be empty!
1367,`ydata` must not be empty!
1369,`ydata` must not be empty!
1370,`ydata` must not be empty!
1372,`ydata` must not be empty!
1378,`ydata` must not be empty!
1381,`ydata` must not be empty!
1382,`ydata` must not be empty!
1385,`ydata` must not be empty!
1392,`ydata` must not be empty!
1393,`ydata` must not be empty!
1394,`ydata` must not be empty!
1396,`ydata` must not be empty!
1397,`ydata` must not be empty!
1398,`ydata` must not be empty!
1399,`ydata` must not be empty!
1400,`ydata` must not be empty!
1401,`ydata` must not be empty!
1406,`ydata` must not be empty!
1409,`ydata` must not be empty!
1411,`ydata` must not be empty!
1412,`ydata` must not be empty!
1415,`ydata` must not be empty!
1417,`ydata` must not be empty!
1418,`ydata` must not be empty!
1420,`ydata` must not be empty!
1421,`ydata` must not be empty!
1423,`ydata` must not be empty!
1428,`ydata` must not be empty!
1430,`ydata` must not be empty!
1432,`ydata` must not be empty!
1434,`ydata` must not be empty!
1436,`ydata` must not be empty!
1437,`ydata` must not be empty!
1438,`ydata` must not be empty!
1439,`ydata` must not be empty!
1442,`ydata` must not be empty!
1443,`ydata` must not be empty!
1444,`ydata` must not be empty!
1445,`ydata` must not be empty!
1452,`ydata` must not be empty!
1453,`ydata` must not be empty!
1455,`ydata` must not be empty!
1457,`ydata` must not be empty!
1462,`ydata` must not be empty!
1465,`ydata` must not be empty!
1467,`ydata` must not be empty!
1472,`ydata` must not be empty!
1473,`ydata` must not be empty!
1474,`ydata` must not be empty!
1475,`ydata` must not be empty!
1479,`ydata` must not be empty!
1483,`ydata` must not be empty!
1487,`ydata` must not be empty!
1488,`ydata` must not be empty!
1491,`ydata` must not be empty!
1493,`ydata` must not be empty!
1495,`ydata` must not be empty!
1497,`ydata` must not be empty!
1500,`ydata` must not be empty!
1504,`ydata` must not be empty!
1505,`ydata` must not be empty!
1508,`ydata` must not be empty!
1509,`ydata` must not be empty!
1514,`ydata` must not be empty!
1516,`ydata` must not be empty!
1519,`ydata` must not be empty!
1526,`ydata` must not be empty!
1529,`ydata` must not be empty!
1534,`ydata` must not be empty!
1535,`ydata` must not be empty!
1536,`ydata` must not be empty!
1537,`ydata` must not be empty!
1540,`ydata` must not be empty!
1541,`ydata` must not be empty!
1543,`ydata` must not be empty!
1548,`ydata` must not be empty!
1550,`ydata` must not be empty!
1552,`ydata` must not be empty!
1556,`ydata` must not be empty!
1559,`ydata` must not be empty!
1567,`ydata` must not be empty!
1568,`ydata` must not be empty!
1578,`ydata` must not be empty!
1584,`ydata` must not be empty!
1589,`ydata` must not be empty!
1590,`ydata` must not be empty!
1600,`ydata` must not be empty!
1603,`ydata` must not be empty!
1604,`ydata` must not be empty!
1607,`ydata` must not be empty!
1615,`ydata` must not be empty!
1617,`ydata` must not be empty!
1618,`ydata` must not be empty!
1619,`ydata` must not be empty!
1624,`ydata` must not be empty!
1625,`ydata` must not be empty!
1626,`ydata` must not be empty!
1631,`ydata` must not be empty!
1639,`ydata` must not be empty!
1642,`ydata` must not be empty!
1645,`ydata` must not be empty!
1647,`ydata` must not be empty!
1653,`ydata` must not be empty!
1658,`ydata` must not be empty!
1661,`ydata` must not be empty!
1667,`ydata` must not be empty!
1675,`ydata` must not be empty!
1677,`ydata` must not be empty!
1685,`ydata` must not be empty!
1689,`ydata` must not be empty!
1690,`ydata` must not be empty!
1692,`ydata` must not be empty!
1697,`ydata` must not be empty!
1698,`ydata` must not be empty!
1708,`ydata` must not be empty!
1717,`ydata` must not be empty!
1718,`ydata` must not be empty!
1720,`ydata` must not be empty!
1725,`ydata` must not be empty!
1734,`ydata` must not be empty!
1741,`ydata` must not be empty!
1751,`ydata` must not be empty!
1752,`ydata` must not be empty!
1753,`ydata` must not be empty!
1769,`ydata` must not be empty!
1772,`ydata` must not be empty!
1778,`ydata` must not be empty!
1790,`ydata` must not be empty!
1795,`ydata` must not be empty!
1798,`ydata` must not be empty!
1801,`ydata` must not be empty!
1803,`ydata` must not be empty!
1806,`ydata` must not be empty!
1810,`ydata` must not be empty!
1816,`ydata` must not be empty!
1821,`ydata` must not be empty!
1824,`ydata` must not be empty!
1825,`ydata` must not be empty!
1837,`ydata` must not be empty!
1842,`ydata` must not be empty!
1858,`ydata` must not be empty!
1865,`ydata` must not be empty!
1882,`ydata` must not be empty!
1886,Optimal parameters not found: The maximum number of function evaluations is exceeded.
1891,`ydata` must not be empty!
1892,`ydata` must not be empty!
1893,`ydata` must not be empty!
1901,`ydata` must not be empty!
1904,`ydata` must not be empty!
1915,`ydata` must not be empty!
1920,`ydata` must not be empty!
1921,`ydata` must not be empty!
1942,`ydata` must not be empty!
1948,`ydata` must not be empty!
1949,`ydata` must not be empty!
1953,`ydata` must not be empty!
1974,`ydata` must not be empty!
1995,`ydata` must not be empty!
2000,`ydata` must not be empty!
2011,`ydata` must not be empty!
2022,`ydata` must not be empty!
2028,`ydata` must not be empty!
2033,`ydata` must not be empty!
2042,`ydata` must not be empty!
2054,`ydata` must not be empty!
2074,`ydata` must not be empty!
2084,`ydata` must not be empty!
2086,`ydata` must not be empty!
2092,`ydata` must not be empty!
2096,`ydata` must not be empty!
2112,`ydata` must not be empty!
2133,`ydata` must not be empty!
2146,`ydata` must not be empty!
2162,`ydata` must not be empty!
2163,`ydata` must not be empty!
2166,`ydata` must not be empty!
2174,`ydata` must not be empty!
2179,`ydata` must not be empty!
2181,`ydata` must not be empty!
2204,`ydata` must not be empty!
2214,`ydata` must not be empty!
2215,`ydata` must not be empty!
2230,`ydata` must not be empty!
2234,`ydata` must not be empty!
2280,`ydata` must not be empty!
2290,`ydata` must not be empty!
2323,`ydata` must not be empty!
2324,`ydata` must not be empty!
2325,`ydata` must not be empty!
2339,`ydata` must not be empty!
2387,`ydata` must not be empty!
2388,`ydata` must not be empty!
2414,`ydata` must not be empty!
2438,`ydata` must not be empty!
2452,`ydata` must not be empty!
2466,`ydata` must not be empty!
2468,`ydata` must not be empty!
2497,`ydata` must not be empty!
2544,`ydata` must not be empty!
2561,`ydata` must not be empty!
2605,`ydata` must not be empty!
2606,`ydata` must not be empty!
2645,`ydata` must not be empty!
2646,`ydata` must not be empty!
2649,`ydata` must not be empty!
2665,`ydata` must not be empty!
2694,`ydata` must not be empty!
2723,`ydata` must not be empty!
2776,`ydata` must not be empty!
2796,`ydata` must not be empty!
2823,`ydata` must not be empty!
2855,`ydata` must not be empty!
2908,`ydata` must not be empty!
2931,`ydata` must not be empty!
2951,`ydata` must not be empty!
2957,`ydata` must not be empty!
2964,`ydata` must not be empty!
2982,`ydata` must not be empty!
3036,`ydata` must not be empty!
3039,`ydata` must not be empty!
3085,`ydata` must not be empty!
3109,`ydata` must not be empty!
3122,`ydata` must not be empty!
3139,`ydata` must not be empty!
3142,`ydata` must not be empty!
3176,`ydata` must not be empty!
3208,`ydata` must not be empty!
3218,`ydata` must not be empty!
3238,`ydata` must not be empty!
3332,`ydata` must not be empty!
3349,`ydata` must not be empty!
3380,`ydata` must not be empty!
3484,`ydata` must not be empty!
3503,`ydata` must not be empty!
3538,`ydata` must not be empty!
3635,`ydata` must not be empty!
3667,`ydata` must not be empty!
3676,`ydata` must not be empty!
3855,`ydata` must not be empty!
3860,`ydata` must not be empty!
3888,`ydata` must not be empty!
3948,`ydata` must not be empty!
4031,`ydata` must not be empty!
4120,`ydata` must not be empty!
4302,`ydata` must not be empty!
4334,`ydata` must not be empty!
4382,`ydata` must not be empty!
4416,`ydata` must not be empty!
4468,`ydata` must not be empty!
4530,`ydata` must not be empty!
4645,`ydata` must not be empty!
4666,`ydata` must not be empty!
4707,`ydata` must not be empty!
4790,`ydata` must not be empty!
4796,`ydata` must not be empty!
4805,`ydata` must not be empty!
5077,`ydata` must not be empty!
5320,`ydata` must not be empty!
5718,`ydata` must not be empty!
7052,`ydata` must not be empty!
7166,`ydata` must not be empty!
7465,`ydata` must not be empty!
7468,`ydata` must not be empty!
7537,`ydata` must not be empty!
8129,`ydata` must not be empty!
8196,`ydata` must not be empty!
8269,`ydata` must not be empty!
8685,`ydata` must not be empty!
8710,`ydata` must not be empty!
10691,`ydata` must not be empty!
11061,`ydata` must not be empty!
12631,`ydata` must not be empty!
13807,`ydata` must not be empty!
14650,Optimal parameters not found: The maximum number of function evaluations is exceeded.
15529,`ydata` must not be empty!
17026,`ydata` must not be empty!
17633,`ydata` must not be empty!
19715,`ydata` must not be empty!
20157,`ydata` must not be empty!
28102,`ydata` must not be empty!
